-- MySQL dump 10.13  Distrib 8.0.40, for macos14 (x86_64)
--
-- Host: localhost    Database: last_resort
-- ------------------------------------------------------
-- Server version	8.0.39

/*!40101 SET @OLD_CHARACTER_SET_CLIENT=@@CHARACTER_SET_CLIENT */;
/*!40101 SET @OLD_CHARACTER_SET_RESULTS=@@CHARACTER_SET_RESULTS */;
/*!40101 SET @OLD_COLLATION_CONNECTION=@@COLLATION_CONNECTION */;
/*!50503 SET NAMES utf8 */;
/*!40103 SET @OLD_TIME_ZONE=@@TIME_ZONE */;
/*!40103 SET TIME_ZONE='+00:00' */;
/*!40014 SET @OLD_UNIQUE_CHECKS=@@UNIQUE_CHECKS, UNIQUE_CHECKS=0 */;
/*!40014 SET @OLD_FOREIGN_KEY_CHECKS=@@FOREIGN_KEY_CHECKS, FOREIGN_KEY_CHECKS=0 */;
/*!40101 SET @OLD_SQL_MODE=@@SQL_MODE, SQL_MODE='NO_AUTO_VALUE_ON_ZERO' */;
/*!40111 SET @OLD_SQL_NOTES=@@SQL_NOTES, SQL_NOTES=0 */;

--
-- Table structure for table `amenity`
--

DROP TABLE IF EXISTS `amenity`;
/*!40101 SET @saved_cs_client     = @@character_set_client */;
/*!50503 SET character_set_client = utf8mb4 */;
CREATE TABLE `amenity` (
  `amenityId` int NOT NULL,
  `amenityName` varchar(75) DEFAULT NULL,
  PRIMARY KEY (`amenityId`)
) ENGINE=InnoDB DEFAULT CHARSET=utf8mb4 COLLATE=utf8mb4_0900_ai_ci;
/*!40101 SET character_set_client = @saved_cs_client */;

--
-- Dumping data for table `amenity`
--

LOCK TABLES `amenity` WRITE;
/*!40000 ALTER TABLE `amenity` DISABLE KEYS */;
INSERT INTO `amenity` VALUES (1,'Pool'),(2,'Spa'),(3,'Tennis Court'),(4,'Gym'),(5,'Rooftop terrace');
/*!40000 ALTER TABLE `amenity` ENABLE KEYS */;
UNLOCK TABLES;

--
-- Table structure for table `bill`
--

DROP TABLE IF EXISTS `bill`;
/*!40101 SET @saved_cs_client     = @@character_set_client */;
/*!50503 SET character_set_client = utf8mb4 */;
CREATE TABLE `bill` (
  `billId` int NOT NULL,
  `reservationId` int DEFAULT NULL,
  `amount` decimal(10,2) DEFAULT NULL,
  PRIMARY KEY (`billId`),
  KEY `fk_bill_reservation` (`reservationId`),
  CONSTRAINT `fk_bill_reservation` FOREIGN KEY (`reservationId`) REFERENCES `reservation` (`reservationId`)
) ENGINE=InnoDB DEFAULT CHARSET=utf8mb4 COLLATE=utf8mb4_0900_ai_ci;
/*!40101 SET character_set_client = @saved_cs_client */;

--
-- Dumping data for table `bill`
--

LOCK TABLES `bill` WRITE;
/*!40000 ALTER TABLE `bill` DISABLE KEYS */;
INSERT INTO `bill` VALUES (1,1,4835.00),(2,2,1225.00),(3,3,2210.00),(4,4,1780.00),(5,5,1875.00),(6,6,4040.00),(7,7,545.00),(8,8,745.00),(9,9,1020.00),(10,10,2875.00),(11,11,2810.00),(12,12,1065.00),(13,13,2025.00),(14,14,1790.00),(15,15,2215.00),(16,16,5165.00),(17,17,2165.00),(18,18,2475.00),(19,19,2840.00),(20,20,2115.00),(21,21,1845.00),(22,22,4840.00),(23,23,845.00),(24,24,3185.00),(25,25,4035.00),(26,26,3540.00),(27,27,730.00),(28,28,4215.00),(29,29,2555.00),(30,30,2495.00),(31,31,520.00),(32,32,1085.00),(33,33,4845.00),(34,34,670.00),(35,35,3225.00),(36,36,3615.00),(37,37,1105.00),(38,38,1050.00),(39,39,2895.00),(40,40,3160.00),(41,41,415.00),(42,42,2065.00),(43,43,620.00),(44,44,1065.00),(45,45,2035.00),(46,46,3020.00),(47,47,2220.00),(48,48,2545.00),(49,49,550.00),(50,50,1305.00),(51,51,2850.00),(52,52,1075.00),(53,53,1795.00),(54,54,695.00),(55,55,445.00),(56,56,2845.00),(57,57,3020.00),(58,58,1770.00),(59,59,27050.00),(60,60,3035.00),(61,61,3205.00),(62,62,2195.00),(63,63,3610.00),(64,64,6035.00),(65,65,2495.00),(66,66,675.00),(67,67,2465.00),(68,68,4040.00),(69,69,5100.00),(70,70,3165.00),(71,71,860.00),(72,72,1010.00),(73,73,3190.00),(74,74,1270.00),(75,75,1545.00),(76,76,455.00),(77,77,2500.00),(78,78,1060.00),(79,79,1565.00),(80,80,1040.00),(81,81,3565.00),(82,82,3115.00),(83,83,2050.00),(84,84,440.00),(85,85,1455.00),(86,86,1255.00),(87,87,1075.00),(88,88,1015.00),(89,89,2420.00),(90,90,4235.00),(91,91,2650.00),(92,92,24110.00),(93,93,1105.00),(94,94,4020.00),(95,95,515.00),(96,96,1165.00),(97,97,120105.00),(98,98,1815.00),(99,99,1805.00),(100,100,2510.00);
/*!40000 ALTER TABLE `bill` ENABLE KEYS */;
UNLOCK TABLES;

--
-- Table structure for table `bill_detail`
--

DROP TABLE IF EXISTS `bill_detail`;
/*!40101 SET @saved_cs_client     = @@character_set_client */;
/*!50503 SET character_set_client = utf8mb4 */;
CREATE TABLE `bill_detail` (
  `billId` int NOT NULL,
  `serviceCode` int NOT NULL,
  `date` date NOT NULL,
  `time` time NOT NULL,
  PRIMARY KEY (`billId`,`serviceCode`,`date`,`time`),
  KEY `fk_bill_detail_service` (`serviceCode`),
  CONSTRAINT `fk_bill_detail_bill` FOREIGN KEY (`billId`) REFERENCES `bill` (`billId`),
  CONSTRAINT `fk_bill_detail_service` FOREIGN KEY (`serviceCode`) REFERENCES `service` (`serviceCode`)
) ENGINE=InnoDB DEFAULT CHARSET=utf8mb4 COLLATE=utf8mb4_0900_ai_ci;
/*!40101 SET character_set_client = @saved_cs_client */;

--
-- Dumping data for table `bill_detail`
--

LOCK TABLES `bill_detail` WRITE;
/*!40000 ALTER TABLE `bill_detail` DISABLE KEYS */;
INSERT INTO `bill_detail` VALUES (3,1,'2023-03-07','19:11:00'),(5,1,'2024-09-22','07:04:00'),(10,1,'2024-07-25','09:26:00'),(15,1,'2022-06-21','18:47:00'),(16,1,'2022-07-19','11:45:00'),(16,1,'2022-07-23','12:00:00'),(18,1,'2023-08-20','15:40:00'),(21,1,'2022-12-17','14:47:00'),(29,1,'2022-06-08','16:23:00'),(30,1,'2023-10-10','16:32:00'),(34,1,'2023-11-24','13:55:00'),(34,1,'2023-11-25','22:07:00'),(36,1,'2024-03-20','21:23:00'),(39,1,'2024-08-15','10:22:00'),(43,1,'2023-04-14','16:15:00'),(47,1,'2024-06-13','17:48:00'),(50,1,'2024-04-05','17:05:00'),(54,1,'2023-07-24','07:21:00'),(55,1,'2024-01-07','07:26:00'),(62,1,'2023-05-14','20:19:00'),(66,1,'2024-07-20','12:38:00'),(69,1,'2023-09-08','16:47:00'),(77,1,'2024-08-15','15:12:00'),(79,1,'2024-07-16','14:02:00'),(79,1,'2024-07-20','17:05:00'),(82,1,'2024-04-24','21:30:00'),(91,1,'2022-12-15','14:15:00'),(91,1,'2022-12-17','13:40:00'),(92,1,'2023-06-20','14:45:00'),(96,1,'2024-07-14','17:15:00'),(97,1,'2022-12-23','20:59:00'),(6,2,'2024-01-29','07:11:00'),(8,2,'2023-08-10','14:45:00'),(9,2,'2024-07-26','21:29:00'),(17,2,'2024-09-01','12:14:00'),(17,2,'2024-09-03','20:33:00'),(19,2,'2024-11-13','19:12:00'),(21,2,'2022-12-14','11:09:00'),(22,2,'2022-11-10','21:41:00'),(23,2,'2024-03-08','18:51:00'),(25,2,'2024-09-30','20:51:00'),(29,2,'2022-06-09','21:45:00'),(31,2,'2023-12-25','22:12:00'),(32,2,'2022-06-20','13:47:00'),(33,2,'2024-02-07','07:19:00'),(36,2,'2024-03-21','08:03:00'),(38,2,'2023-04-10','10:53:00'),(38,2,'2023-04-10','19:09:00'),(42,2,'2023-09-20','15:25:00'),(45,2,'2024-10-27','17:51:00'),(46,2,'2024-08-10','18:36:00'),(47,2,'2024-06-11','07:13:00'),(49,2,'2023-07-18','19:14:00'),(50,2,'2024-04-03','17:54:00'),(53,2,'2024-04-02','18:15:00'),(56,2,'2024-07-10','16:37:00'),(58,2,'2023-01-22','11:32:00'),(60,2,'2022-12-04','15:39:00'),(61,2,'2024-03-12','12:38:00'),(61,2,'2024-03-13','10:53:00'),(65,2,'2023-11-23','22:39:00'),(68,2,'2024-01-17','18:42:00'),(71,2,'2024-04-07','14:58:00'),(71,2,'2024-04-07','22:18:00'),(83,2,'2022-06-25','07:13:00'),(86,2,'2022-12-13','12:54:00'),(94,2,'2024-02-29','14:42:00'),(98,2,'2022-07-20','14:17:00'),(7,3,'2023-04-10','15:15:00'),(15,3,'2022-06-18','14:50:00'),(15,3,'2022-06-21','22:14:00'),(19,3,'2024-11-08','19:52:00'),(22,3,'2022-11-10','13:11:00'),(26,3,'2023-05-05','12:59:00'),(26,3,'2023-05-06','18:32:00'),(30,3,'2023-10-10','17:49:00'),(34,3,'2023-11-25','10:59:00'),(36,3,'2024-03-26','09:34:00'),(37,3,'2024-03-23','22:23:00'),(39,3,'2024-08-17','22:36:00'),(42,3,'2023-09-17','19:23:00'),(43,3,'2023-04-15','07:23:00'),(48,3,'2024-11-10','08:47:00'),(54,3,'2023-07-24','10:44:00'),(55,3,'2024-01-07','08:15:00'),(57,3,'2023-07-16','07:35:00'),(59,3,'2022-11-12','10:23:00'),(62,3,'2023-05-16','18:30:00'),(68,3,'2024-01-19','07:05:00'),(71,3,'2024-04-05','19:19:00'),(74,3,'2023-12-30','07:59:00'),(75,3,'2024-10-28','07:58:00'),(76,3,'2022-11-14','11:33:00'),(81,3,'2023-02-04','10:05:00'),(81,3,'2023-02-09','18:22:00'),(83,3,'2022-06-28','18:16:00'),(86,3,'2022-12-11','16:39:00'),(89,3,'2024-02-25','22:22:00'),(97,3,'2022-12-29','22:50:00'),(98,3,'2022-07-20','07:22:00'),(2,4,'2022-12-04','16:29:00'),(3,4,'2023-03-05','15:48:00'),(7,4,'2023-04-10','09:37:00'),(13,4,'2022-10-15','16:44:00'),(17,4,'2024-08-31','14:30:00'),(24,4,'2022-11-22','22:00:00'),(33,4,'2024-02-11','20:58:00'),(35,4,'2023-07-18','20:55:00'),(37,4,'2024-03-20','13:31:00'),(42,4,'2023-09-17','17:11:00'),(43,4,'2023-04-15','11:31:00'),(47,4,'2024-06-13','14:21:00'),(51,4,'2023-02-18','19:51:00'),(51,4,'2023-02-23','13:30:00'),(52,4,'2024-05-03','20:49:00'),(56,4,'2024-07-13','19:09:00'),(64,4,'2024-02-02','20:46:00'),(65,4,'2023-11-22','16:28:00'),(69,4,'2023-09-08','17:56:00'),(73,4,'2023-01-20','21:34:00'),(74,4,'2023-12-29','09:58:00'),(74,4,'2024-01-01','15:17:00'),(76,4,'2022-11-14','22:48:00'),(77,4,'2024-08-15','10:35:00'),(78,4,'2024-07-14','17:05:00'),(78,4,'2024-07-16','19:09:00'),(80,4,'2024-10-30','19:50:00'),(81,4,'2023-02-01','20:47:00'),(82,4,'2024-04-23','11:11:00'),(84,4,'2024-04-05','10:01:00'),(85,4,'2024-05-12','19:13:00'),(87,4,'2023-08-11','18:28:00'),(90,4,'2024-06-08','14:28:00'),(92,4,'2023-06-20','21:34:00'),(93,4,'2022-07-14','12:57:00'),(96,4,'2024-07-11','19:02:00'),(98,4,'2022-07-23','22:38:00'),(99,4,'2024-05-30','11:04:00'),(1,5,'2023-03-25','07:42:00'),(4,5,'2022-06-24','17:24:00'),(4,5,'2022-06-24','22:43:00'),(8,5,'2023-08-10','19:08:00'),(12,5,'2022-08-01','13:33:00'),(14,5,'2023-08-12','15:19:00'),(14,5,'2023-08-14','17:22:00'),(16,5,'2022-07-27','18:19:00'),(20,5,'2023-06-26','21:14:00'),(23,5,'2024-03-07','07:22:00'),(25,5,'2024-09-30','21:43:00'),(28,5,'2023-05-22','22:20:00'),(32,5,'2022-06-22','19:35:00'),(41,5,'2023-03-15','14:49:00'),(44,5,'2022-11-16','09:58:00'),(45,5,'2024-10-28','22:55:00'),(48,5,'2024-11-10','09:04:00'),(49,5,'2023-07-18','14:15:00'),(49,5,'2023-07-19','16:44:00'),(53,5,'2024-04-03','12:51:00'),(59,5,'2022-11-04','15:58:00'),(59,5,'2022-11-06','18:42:00'),(60,5,'2022-12-06','20:23:00'),(61,5,'2024-03-16','10:34:00'),(67,5,'2022-09-17','15:06:00'),(70,5,'2023-03-15','10:12:00'),(73,5,'2023-01-29','11:17:00'),(75,5,'2024-10-28','15:21:00'),(79,5,'2024-07-18','14:02:00'),(80,5,'2024-10-29','19:26:00'),(82,5,'2024-04-23','21:35:00'),(84,5,'2024-04-05','17:45:00'),(85,5,'2024-05-12','20:07:00'),(85,5,'2024-05-13','13:06:00'),(86,5,'2022-12-12','21:07:00'),(88,5,'2024-01-20','18:16:00'),(93,5,'2022-07-12','21:22:00'),(93,5,'2022-07-14','07:10:00'),(95,5,'2023-09-16','18:33:00'),(96,5,'2024-07-14','21:07:00'),(99,5,'2024-05-29','20:18:00'),(99,5,'2024-05-31','22:56:00'),(1,6,'2023-03-26','13:16:00'),(1,6,'2023-03-29','14:27:00'),(3,6,'2023-03-04','08:07:00'),(6,6,'2024-01-21','10:01:00'),(6,6,'2024-01-24','09:53:00'),(8,6,'2023-08-11','10:27:00'),(11,6,'2023-03-30','08:28:00'),(14,6,'2023-08-14','14:11:00'),(23,6,'2024-03-09','20:59:00'),(24,6,'2022-11-21','09:58:00'),(27,6,'2022-06-28','07:54:00'),(27,6,'2022-06-28','22:15:00'),(27,6,'2022-06-29','20:12:00'),(29,6,'2022-06-11','14:01:00'),(37,6,'2024-03-23','20:11:00'),(38,6,'2023-04-12','07:16:00'),(40,6,'2022-10-07','12:34:00'),(48,6,'2024-11-11','21:17:00'),(50,6,'2024-04-03','18:48:00'),(53,6,'2024-03-31','09:02:00'),(63,6,'2023-06-29','18:22:00'),(64,6,'2024-01-29','22:51:00'),(72,6,'2023-04-08','19:53:00'),(75,6,'2024-10-28','09:43:00'),(76,6,'2022-11-14','15:00:00'),(78,6,'2024-07-14','16:07:00'),(83,6,'2022-06-25','10:19:00'),(90,6,'2024-06-06','11:16:00'),(92,6,'2023-06-20','14:03:00'),(97,6,'2022-12-27','20:12:00'),(100,6,'2023-08-09','21:55:00');
/*!40000 ALTER TABLE `bill_detail` ENABLE KEYS */;
UNLOCK TABLES;

--
-- Table structure for table `building`
--

DROP TABLE IF EXISTS `building`;
/*!40101 SET @saved_cs_client     = @@character_set_client */;
/*!50503 SET character_set_client = utf8mb4 */;
CREATE TABLE `building` (
  `buildingId` int NOT NULL,
  `hotelId` int DEFAULT NULL,
  PRIMARY KEY (`buildingId`),
  KEY `fk_building_hotel` (`hotelId`),
  CONSTRAINT `fk_building_hotel` FOREIGN KEY (`hotelId`) REFERENCES `hotel` (`hotelId`)
) ENGINE=InnoDB DEFAULT CHARSET=utf8mb4 COLLATE=utf8mb4_0900_ai_ci;
/*!40101 SET character_set_client = @saved_cs_client */;

--
-- Dumping data for table `building`
--

LOCK TABLES `building` WRITE;
/*!40000 ALTER TABLE `building` DISABLE KEYS */;
INSERT INTO `building` VALUES (1,1),(2,1),(3,1),(4,2),(5,2),(6,3),(7,3),(8,4),(9,5),(10,5),(11,6);
/*!40000 ALTER TABLE `building` ENABLE KEYS */;
UNLOCK TABLES;

--
-- Table structure for table `chain`
--

DROP TABLE IF EXISTS `chain`;
/*!40101 SET @saved_cs_client     = @@character_set_client */;
/*!50503 SET character_set_client = utf8mb4 */;
CREATE TABLE `chain` (
  `chainId` int NOT NULL,
  `chainName` varchar(75) DEFAULT NULL,
  PRIMARY KEY (`chainId`)
) ENGINE=InnoDB DEFAULT CHARSET=utf8mb4 COLLATE=utf8mb4_0900_ai_ci;
/*!40101 SET character_set_client = @saved_cs_client */;

--
-- Dumping data for table `chain`
--

LOCK TABLES `chain` WRITE;
/*!40000 ALTER TABLE `chain` DISABLE KEYS */;
INSERT INTO `chain` VALUES (1,'Club Med'),(2,'Hard Rock'),(3,'Mariott');
/*!40000 ALTER TABLE `chain` ENABLE KEYS */;
UNLOCK TABLES;

--
-- Table structure for table `customer`
--

DROP TABLE IF EXISTS `customer`;
/*!40101 SET @saved_cs_client     = @@character_set_client */;
/*!50503 SET character_set_client = utf8mb4 */;
CREATE TABLE `customer` (
  `customerId` int NOT NULL,
  `customerName` varchar(75) DEFAULT NULL,
  `phoneNumber` varchar(14) DEFAULT NULL,
  `emailAddress` varchar(100) DEFAULT NULL,
  PRIMARY KEY (`customerId`)
) ENGINE=InnoDB DEFAULT CHARSET=utf8mb4 COLLATE=utf8mb4_0900_ai_ci;
/*!40101 SET character_set_client = @saved_cs_client */;

--
-- Dumping data for table `customer`
--

LOCK TABLES `customer` WRITE;
/*!40000 ALTER TABLE `customer` DISABLE KEYS */;
INSERT INTO `customer` VALUES (1,'Liam Smith','(472)-509-9997','liam.smith@example.com'),(2,'Isabella Miller','(325)-109-6133','isabella.miller@yahoo.com'),(3,'Oliver Moore','(370)-681-5068','oliver.moore@yahoo.com'),(4,'Elijah Martinez','(303)-923-2223','elijah.martinez@yahoo.com'),(5,'Michael Jones','(845)-359-7880','michael.jones@gmail.com'),(6,'Emily Moore','(324)-269-8615','emily.moore@gmail.com'),(7,'Anna Garcia','(770)-490-4024','anna.garcia@gmail.com'),(8,'Sarah Martin','(608)-450-3248','sarah.martin@yahoo.com'),(9,'Isabella Brown','(295)-271-1858','isabella.brown@outlook.com'),(10,'Michael Williams','(742)-578-3520','michael.williams@example.com'),(11,'John Johnson','(348)-651-3792','john.johnson@hotmail.com'),(12,'Isabella Wilson','(974)-680-6693','isabella.wilson@gmail.com'),(13,'Noah Williams','(561)-604-3179','noah.williams@yahoo.com'),(14,'Emma Smith','(517)-779-2863','emma.smith@example.com'),(15,'Sarah Anderson','(310)-414-5169','sarah.anderson@yahoo.com'),(16,'Charlotte Williams','(215)-888-2082','charlotte.williams@outlook.com'),(17,'Liam Hernandez','(881)-713-9872','liam.hernandez@gmail.com'),(18,'Charlotte Smith','(860)-455-2412','charlotte.smith@gmail.com'),(19,'Laura Jones','(550)-107-4492','laura.jones@outlook.com'),(20,'Laura Brown','(601)-561-3512','laura.brown@gmail.com'),(21,'James Garcia','(891)-145-3192','james.garcia@outlook.com'),(22,'James Jones','(976)-664-5869','james.jones@yahoo.com'),(23,'Isabella Williams','(456)-933-2153','isabella.williams@example.com'),(24,'Anna Miller','(772)-686-1202','anna.miller@yahoo.com'),(25,'Elijah Davis','(892)-116-7040','elijah.davis@outlook.com'),(26,'Mia Jones','(576)-556-7114','mia.jones@yahoo.com'),(27,'Emma Taylor','(555)-916-8366','emma.taylor@outlook.com'),(28,'Charlotte Wilson','(428)-350-7001','charlotte.wilson@example.com'),(29,'James Williams','(936)-956-8294','james.williams@yahoo.com'),(30,'John Martin','(919)-306-6804','john.martin@example.com'),(31,'Mia Moore','(566)-796-5486','mia.moore@hotmail.com'),(32,'Isabella Smith','(443)-786-6831','isabella.smith@example.com'),(33,'Noah Moore','(497)-961-5442','noah.moore@example.com'),(34,'Liam Brown','(849)-295-5102','liam.brown@outlook.com'),(35,'Jane Garcia','(331)-320-5658','jane.garcia@gmail.com'),(36,'David Davis','(756)-681-2044','david.davis@gmail.com'),(37,'David Martinez','(914)-573-8605','david.martinez@gmail.com'),(38,'Sarah Martin','(778)-268-5435','sarah.martin@gmail.com'),(39,'Isabella Brown','(942)-767-3895','isabella.brown@example.com'),(40,'Sophia Anderson','(664)-781-5820','sophia.anderson@yahoo.com'),(41,'Sophia Jones','(677)-910-4637','sophia.jones@yahoo.com'),(42,'David Anderson','(652)-639-1386','david.anderson@hotmail.com'),(43,'Charlotte Smith','(412)-617-7019','charlotte.smith@outlook.com'),(44,'Sarah Davis','(491)-773-6249','sarah.davis@gmail.com'),(45,'Anna Moore','(239)-894-5493','anna.moore@outlook.com'),(46,'Elijah Martin','(595)-979-7781','elijah.martin@gmail.com'),(47,'SAP','(841)-494-3684','sap@gmail.com'),(48,'Jane Thomas','(856)-956-7351','jane.thomas@gmail.com'),(49,'Elijah Williams','(896)-276-6871','elijah.williams@outlook.com'),(50,'Google ','(650)-258-5367','google@gmail.com');
/*!40000 ALTER TABLE `customer` ENABLE KEYS */;
UNLOCK TABLES;

--
-- Table structure for table `event`
--

DROP TABLE IF EXISTS `event`;
/*!40101 SET @saved_cs_client     = @@character_set_client */;
/*!50503 SET character_set_client = utf8mb4 */;
CREATE TABLE `event` (
  `eventId` int NOT NULL,
  `reservationId` int DEFAULT NULL,
  `estimatedAttendance` int DEFAULT NULL,
  PRIMARY KEY (`eventId`),
  KEY `fk_event_reservation_idx` (`reservationId`),
  CONSTRAINT `fk_event_reservation` FOREIGN KEY (`reservationId`) REFERENCES `reservation` (`reservationId`)
) ENGINE=InnoDB DEFAULT CHARSET=utf8mb4 COLLATE=utf8mb4_0900_ai_ci;
/*!40101 SET character_set_client = @saved_cs_client */;

--
-- Dumping data for table `event`
--

LOCK TABLES `event` WRITE;
/*!40000 ALTER TABLE `event` DISABLE KEYS */;
INSERT INTO `event` VALUES (1,59,30),(2,92,45),(3,97,4500);
/*!40000 ALTER TABLE `event` ENABLE KEYS */;
UNLOCK TABLES;

--
-- Table structure for table `floor`
--

DROP TABLE IF EXISTS `floor`;
/*!40101 SET @saved_cs_client     = @@character_set_client */;
/*!50503 SET character_set_client = utf8mb4 */;
CREATE TABLE `floor` (
  `floorId` int NOT NULL,
  `wingId` int DEFAULT NULL,
  `floorNumber` int DEFAULT NULL,
  PRIMARY KEY (`floorId`),
  KEY `fk_floor_wing` (`wingId`),
  CONSTRAINT `fk_floor_wing` FOREIGN KEY (`wingId`) REFERENCES `wing` (`wingId`)
) ENGINE=InnoDB DEFAULT CHARSET=utf8mb4 COLLATE=utf8mb4_0900_ai_ci;
/*!40101 SET character_set_client = @saved_cs_client */;

--
-- Dumping data for table `floor`
--

LOCK TABLES `floor` WRITE;
/*!40000 ALTER TABLE `floor` DISABLE KEYS */;
INSERT INTO `floor` VALUES (1,1,1),(2,1,2),(3,1,3),(4,1,4),(5,1,5),(6,1,6),(7,1,7),(8,1,8),(9,1,9),(10,1,10),(11,2,1),(12,2,2),(13,2,3),(14,2,4),(15,2,5),(16,2,6),(17,2,7),(18,2,8),(19,2,9),(20,2,10),(21,3,1),(22,3,2),(23,3,3),(24,3,4),(25,3,5),(26,3,6),(27,3,7),(28,3,8),(29,3,9),(30,3,10),(31,4,1),(32,4,2),(33,4,3),(34,4,4),(35,4,5),(36,4,6),(37,4,7),(38,4,8),(39,4,9),(40,4,10),(41,5,1),(42,5,2),(43,6,1),(44,6,2),(45,7,1),(46,7,2),(47,8,1),(48,8,2),(49,9,1),(50,9,2),(51,10,1),(52,10,2),(53,11,1),(54,11,2),(55,12,1),(56,12,2),(57,13,1),(58,13,2),(59,14,1),(60,14,2),(61,15,1),(62,15,2),(63,16,1),(64,16,2),(65,17,1),(66,17,2),(67,17,3),(68,17,4),(69,17,5),(70,17,6),(71,18,1),(72,18,2),(73,18,3),(74,18,4),(75,18,5),(76,18,6),(77,19,1),(78,19,2),(79,19,3),(80,19,4),(81,19,5),(82,19,6),(83,20,1),(84,20,2),(85,20,3),(86,20,4),(87,20,5),(88,20,6),(89,21,1),(90,21,2),(91,22,1),(92,22,2),(93,23,1),(94,23,2),(95,24,1),(96,24,2),(97,25,1),(98,25,2),(99,26,1),(100,26,2),(101,27,1),(102,27,2),(103,28,1),(104,28,2),(105,29,1),(106,29,2),(107,29,3),(108,29,4),(109,29,5),(110,30,1),(111,30,2),(112,30,3),(113,30,4),(114,30,5),(115,31,1),(116,31,2),(117,31,3),(118,31,4),(119,31,5),(120,32,1),(121,32,2),(122,32,3),(123,32,4),(124,32,5),(125,33,1),(126,33,2),(127,33,3),(128,34,1),(129,34,2),(130,34,3),(131,35,1),(132,35,2),(133,35,3),(134,36,1),(135,36,2),(136,36,3),(137,37,1),(138,37,2),(139,38,1),(140,38,2),(141,39,1),(142,39,2),(143,40,1),(144,40,2),(145,41,1),(146,41,2),(147,41,3),(148,41,4),(149,41,5),(150,41,6),(151,41,7),(152,42,1),(153,42,2),(154,42,3),(155,42,4),(156,42,5),(157,42,6),(158,42,7),(159,43,1),(160,43,2),(161,43,3),(162,43,4),(163,43,5),(164,43,6),(165,43,7),(166,44,1),(167,44,2),(168,44,3),(169,44,4),(170,44,5),(171,44,6),(172,44,7);
/*!40000 ALTER TABLE `floor` ENABLE KEYS */;
UNLOCK TABLES;

--
-- Table structure for table `floor_amenity`
--

DROP TABLE IF EXISTS `floor_amenity`;
/*!40101 SET @saved_cs_client     = @@character_set_client */;
/*!50503 SET character_set_client = utf8mb4 */;
CREATE TABLE `floor_amenity` (
  `floorid` int NOT NULL,
  `amenityId` int NOT NULL,
  PRIMARY KEY (`floorid`,`amenityId`),
  KEY `fk_floor_amenity_amenity` (`amenityId`),
  CONSTRAINT `fk_floor_amenity_amenity` FOREIGN KEY (`amenityId`) REFERENCES `amenity` (`amenityId`),
  CONSTRAINT `fk_floor_amenity_floor` FOREIGN KEY (`floorid`) REFERENCES `floor` (`floorId`)
) ENGINE=InnoDB DEFAULT CHARSET=utf8mb4 COLLATE=utf8mb4_0900_ai_ci;
/*!40101 SET character_set_client = @saved_cs_client */;

--
-- Dumping data for table `floor_amenity`
--

LOCK TABLES `floor_amenity` WRITE;
/*!40000 ALTER TABLE `floor_amenity` DISABLE KEYS */;
INSERT INTO `floor_amenity` VALUES (1,1),(57,1),(89,1),(105,1),(125,1),(145,1),(2,2),(58,2),(90,2),(106,2),(126,2),(146,2),(3,3),(59,3),(91,3),(107,3),(127,3),(147,3),(4,4),(60,4),(92,4),(108,4),(128,4),(148,4),(56,5),(88,5),(104,5),(124,5),(144,5),(172,5);
/*!40000 ALTER TABLE `floor_amenity` ENABLE KEYS */;
UNLOCK TABLES;

--
-- Table structure for table `hotel`
--

DROP TABLE IF EXISTS `hotel`;
/*!40101 SET @saved_cs_client     = @@character_set_client */;
/*!50503 SET character_set_client = utf8mb4 */;
CREATE TABLE `hotel` (
  `hotelId` int NOT NULL,
  `chainId` int DEFAULT NULL,
  `hotelName` varchar(75) DEFAULT NULL,
  PRIMARY KEY (`hotelId`),
  KEY `fk_hotel_chain` (`chainId`),
  CONSTRAINT `fk_hotel_chain` FOREIGN KEY (`chainId`) REFERENCES `chain` (`chainId`)
) ENGINE=InnoDB DEFAULT CHARSET=utf8mb4 COLLATE=utf8mb4_0900_ai_ci;
/*!40101 SET character_set_client = @saved_cs_client */;

--
-- Dumping data for table `hotel`
--

LOCK TABLES `hotel` WRITE;
/*!40000 ALTER TABLE `hotel` DISABLE KEYS */;
INSERT INTO `hotel` VALUES (1,1,'Club Med Punta Cana'),(2,1,'Cub Med Cancun'),(3,2,'Hard Rock Las Vegas Villa'),(4,2,'Hard Rock SoHo'),(5,3,'Mariott Poughkeepsie'),(6,3,'Mariott Chelsea');
/*!40000 ALTER TABLE `hotel` ENABLE KEYS */;
UNLOCK TABLES;

--
-- Table structure for table `maintenance`
--

DROP TABLE IF EXISTS `maintenance`;
/*!40101 SET @saved_cs_client     = @@character_set_client */;
/*!50503 SET character_set_client = utf8mb4 */;
CREATE TABLE `maintenance` (
  `maintenanceCode` int NOT NULL,
  `maintenanceType` varchar(100) DEFAULT NULL,
  `maintenanceDescription` varchar(250) DEFAULT NULL,
  PRIMARY KEY (`maintenanceCode`)
) ENGINE=InnoDB DEFAULT CHARSET=utf8mb4 COLLATE=utf8mb4_0900_ai_ci;
/*!40101 SET character_set_client = @saved_cs_client */;

--
-- Dumping data for table `maintenance`
--

LOCK TABLES `maintenance` WRITE;
/*!40000 ALTER TABLE `maintenance` DISABLE KEYS */;
INSERT INTO `maintenance` VALUES (1,'Turnover','Change linens. Clean surfaces. Restock toiletries. Vaccum floors.'),(2,'Turndown','Make bed. Clean surfaces, restock toiletries, and vaccum floors as needed.  '),(3,'Repair ','Reparation of the AC, television, telephone, or mini fridge'),(4,'Plumbing','Plumbing of the toilet to resolve clogs');
/*!40000 ALTER TABLE `maintenance` ENABLE KEYS */;
UNLOCK TABLES;

--
-- Table structure for table `reservation`
--

DROP TABLE IF EXISTS `reservation`;
/*!40101 SET @saved_cs_client     = @@character_set_client */;
/*!50503 SET character_set_client = utf8mb4 */;
CREATE TABLE `reservation` (
  `reservationId` int NOT NULL,
  `hotelId` int DEFAULT NULL,
  `startDate` date DEFAULT NULL,
  `endDate` date DEFAULT NULL,
  `customerId` int DEFAULT NULL,
  `roomTypeCode` int DEFAULT NULL,
  PRIMARY KEY (`reservationId`),
  KEY `fk_reservation_hotel` (`hotelId`),
  KEY `fk_reservation_customer` (`customerId`),
  CONSTRAINT `fk_reservation_customer` FOREIGN KEY (`customerId`) REFERENCES `customer` (`customerId`),
  CONSTRAINT `fk_reservation_hotel` FOREIGN KEY (`hotelId`) REFERENCES `hotel` (`hotelId`)
) ENGINE=InnoDB DEFAULT CHARSET=utf8mb4 COLLATE=utf8mb4_0900_ai_ci;
/*!40101 SET character_set_client = @saved_cs_client */;

--
-- Dumping data for table `reservation`
--

LOCK TABLES `reservation` WRITE;
/*!40000 ALTER TABLE `reservation` DISABLE KEYS */;
INSERT INTO `reservation` VALUES (1,5,'2023-03-22','2023-03-30',17,4),(2,1,'2022-12-02','2022-12-05',2,1),(3,4,'2023-03-02','2023-03-08',48,2),(4,3,'2022-06-21','2022-06-26',41,2),(5,2,'2024-09-22','2024-09-25',26,4),(6,6,'2024-01-20','2024-01-30',46,1),(7,1,'2023-04-10','2023-04-11',49,5),(8,2,'2023-08-10','2023-08-12',21,3),(9,5,'2024-07-25','2024-07-27',5,5),(10,6,'2024-07-22','2024-07-29',28,1),(11,1,'2023-03-28','2023-04-04',1,1),(12,3,'2022-07-30','2022-08-02',20,2),(13,2,'2022-10-11','2022-10-15',27,5),(14,1,'2023-08-10','2023-08-15',45,2),(15,1,'2022-06-18','2022-06-24',47,2),(16,1,'2022-07-17','2022-07-27',36,5),(17,6,'2024-08-30','2024-09-05',33,2),(18,1,'2023-08-20','2023-08-24',26,4),(19,2,'2024-11-07','2024-11-14',4,1),(20,4,'2023-06-22','2023-06-28',2,2),(21,4,'2022-12-12','2022-12-17',23,2),(22,2,'2022-11-08','2022-11-16',42,4),(23,5,'2024-03-07','2024-03-09',29,1),(24,5,'2022-11-16','2022-11-25',16,2),(25,2,'2024-09-26','2024-10-04',39,5),(26,5,'2023-04-29','2023-05-06',31,5),(27,6,'2022-06-28','2022-06-30',21,3),(28,1,'2023-05-18','2023-05-25',15,4),(29,6,'2022-06-05','2022-06-12',37,3),(30,2,'2023-10-10','2023-10-16',10,1),(31,3,'2023-12-24','2023-12-25',46,5),(32,4,'2022-06-20','2022-06-23',25,3),(33,6,'2024-02-07','2024-02-15',21,4),(34,6,'2023-11-24','2023-11-25',40,5),(35,3,'2023-07-11','2023-07-19',29,1),(36,4,'2024-03-20','2024-03-27',45,5),(37,1,'2024-03-20','2024-03-23',46,2),(38,1,'2023-04-10','2023-04-12',26,5),(39,4,'2024-08-10','2024-08-18',33,2),(40,5,'2022-10-07','2022-10-16',7,2),(41,6,'2023-03-15','2023-03-16',4,1),(42,5,'2023-09-16','2023-09-21',18,1),(43,2,'2023-04-14','2023-04-15',18,5),(44,6,'2022-11-15','2022-11-18',32,3),(45,4,'2024-10-27','2024-10-31',42,5),(46,1,'2024-08-08','2024-08-13',12,4),(47,6,'2024-06-08','2024-06-14',31,2),(48,5,'2024-11-06','2024-11-11',18,5),(49,3,'2023-07-18','2023-07-19',26,5),(50,4,'2024-04-02','2024-04-05',22,1),(51,3,'2023-02-15','2023-02-23',18,3),(52,6,'2024-05-02','2024-05-05',34,3),(53,5,'2024-03-29','2024-04-03',26,2),(54,2,'2023-07-24','2023-07-25',44,4),(55,4,'2024-01-07','2024-01-08',35,3),(56,1,'2024-07-08','2024-07-16',31,2),(57,1,'2023-07-14','2023-07-20',30,5),(58,4,'2023-01-18','2023-01-23',27,2),(59,6,'2022-11-03','2022-11-12',14,6),(60,6,'2022-12-01','2022-12-07',29,5),(61,3,'2024-03-10','2024-03-19',43,2),(62,3,'2023-05-14','2023-05-20',3,3),(63,3,'2023-06-24','2023-07-03',35,1),(64,1,'2024-01-26','2024-02-05',38,4),(65,3,'2023-11-20','2023-11-27',20,3),(66,3,'2024-07-20','2024-07-21',19,4),(67,6,'2022-09-17','2022-09-24',20,3),(68,2,'2024-01-13','2024-01-23',43,1),(69,4,'2023-09-06','2023-09-16',36,5),(70,1,'2023-03-08','2023-03-17',4,3),(71,1,'2024-04-05','2024-04-07',5,1),(72,6,'2023-04-06','2023-04-08',4,5),(73,2,'2023-01-20','2023-01-29',24,3),(74,2,'2023-12-29','2024-01-01',8,1),(75,3,'2024-10-25','2024-10-28',5,5),(76,5,'2022-11-13','2022-11-14',3,1),(77,6,'2024-08-12','2024-08-18',38,1),(78,5,'2024-07-14','2024-07-16',33,5),(79,3,'2024-07-16','2024-07-20',42,2),(80,2,'2024-10-29','2024-10-31',4,5),(81,1,'2023-02-01','2023-02-11',17,2),(82,4,'2024-04-18','2024-04-24',45,5),(83,2,'2022-06-24','2022-06-28',17,5),(84,2,'2024-04-05','2024-04-06',50,1),(85,3,'2024-05-11','2024-05-15',4,3),(86,4,'2022-12-11','2022-12-14',35,1),(87,4,'2023-08-08','2023-08-11',35,2),(88,6,'2024-01-18','2024-01-20',19,5),(89,5,'2024-02-25','2024-02-29',2,4),(90,3,'2024-06-05','2024-06-12',30,4),(91,4,'2022-12-12','2022-12-17',38,5),(92,3,'2023-06-17','2023-06-25',18,6),(93,2,'2022-07-12','2022-07-15',49,2),(94,6,'2024-02-28','2024-03-07',24,5),(95,1,'2023-09-16','2023-09-17',24,5),(96,6,'2024-07-11','2024-07-14',35,2),(97,4,'2022-12-23','2022-12-29',22,7),(98,1,'2022-07-20','2022-07-25',34,2),(99,1,'2024-05-26','2024-05-31',16,2),(100,4,'2023-08-05','2023-08-10',17,5);
/*!40000 ALTER TABLE `reservation` ENABLE KEYS */;
UNLOCK TABLES;

--
-- Table structure for table `room`
--

DROP TABLE IF EXISTS `room`;
/*!40101 SET @saved_cs_client     = @@character_set_client */;
/*!50503 SET character_set_client = utf8mb4 */;
CREATE TABLE `room` (
  `roomId` int NOT NULL,
  `roomTypeCode` int DEFAULT NULL,
  `floorId` int DEFAULT NULL,
  `roomNumber` int DEFAULT NULL,
  PRIMARY KEY (`roomId`),
  KEY `fk_room_floor` (`floorId`),
  KEY `fk_room_room_type` (`roomTypeCode`),
  CONSTRAINT `fk_room_floor` FOREIGN KEY (`floorId`) REFERENCES `floor` (`floorId`),
  CONSTRAINT `fk_room_room_type` FOREIGN KEY (`roomTypeCode`) REFERENCES `room_type` (`roomTypeCode`)
) ENGINE=InnoDB DEFAULT CHARSET=utf8mb4 COLLATE=utf8mb4_0900_ai_ci;
/*!40101 SET character_set_client = @saved_cs_client */;

--
-- Dumping data for table `room`
--

LOCK TABLES `room` WRITE;
/*!40000 ALTER TABLE `room` DISABLE KEYS */;
INSERT INTO `room` VALUES (1,1,1,11),(2,1,1,12),(3,2,1,13),(4,4,1,14),(5,2,1,15),(6,2,1,16),(7,2,2,21),(8,1,2,22),(9,1,2,23),(10,2,2,24),(11,1,2,25),(12,1,2,26),(13,3,3,31),(14,1,3,32),(15,1,3,33),(16,1,3,34),(17,3,3,35),(18,1,3,36),(19,2,4,41),(20,2,4,42),(21,1,4,43),(22,2,4,44),(23,3,4,45),(24,1,4,46),(25,1,5,51),(26,2,5,52),(27,2,5,53),(28,1,5,54),(29,2,5,55),(30,1,5,56),(31,2,6,61),(32,1,6,62),(33,1,6,63),(34,4,6,64),(35,5,6,65),(36,1,6,66),(37,1,7,71),(38,5,7,72),(39,1,7,73),(40,3,7,74),(41,3,7,75),(42,2,7,76),(43,1,8,81),(44,1,8,82),(45,1,8,83),(46,2,8,84),(47,1,8,85),(48,3,8,86),(49,5,9,91),(50,1,9,92),(51,1,9,93),(52,3,9,94),(53,2,9,95),(54,1,9,96),(55,3,10,101),(56,2,10,102),(57,1,10,103),(58,2,10,104),(59,1,10,105),(60,1,10,106),(61,2,11,11),(62,1,11,12),(63,1,11,13),(64,3,11,14),(65,3,11,15),(66,1,11,16),(67,1,12,21),(68,1,12,22),(69,1,12,23),(70,1,12,24),(71,5,12,25),(72,2,12,26),(73,1,13,31),(74,1,13,32),(75,3,13,33),(76,2,13,34),(77,1,13,35),(78,1,13,36),(79,3,14,41),(80,1,14,42),(81,1,14,43),(82,2,14,44),(83,5,14,45),(84,1,14,46),(85,3,15,51),(86,1,15,52),(87,5,15,53),(88,1,15,54),(89,3,15,55),(90,3,15,56),(91,1,16,61),(92,2,16,62),(93,3,16,63),(94,1,16,64),(95,3,16,65),(96,2,16,66),(97,1,17,71),(98,1,17,72),(99,2,17,73),(100,1,17,74),(101,2,17,75),(102,3,17,76),(103,1,18,81),(104,3,18,82),(105,1,18,83),(106,4,18,84),(107,1,18,85),(108,2,18,86),(109,1,19,91),(110,1,19,92),(111,2,19,93),(112,3,19,94),(113,2,19,95),(114,1,19,96),(115,4,20,101),(116,1,20,102),(117,2,20,103),(118,1,20,104),(119,3,20,105),(120,1,20,106),(121,3,21,11),(122,3,21,12),(123,1,21,13),(124,2,21,14),(125,1,21,15),(126,2,21,16),(127,1,22,21),(128,4,22,22),(129,2,22,23),(130,1,22,24),(131,2,22,25),(132,1,22,26),(133,2,23,31),(134,1,23,32),(135,2,23,33),(136,1,23,34),(137,2,23,35),(138,1,23,36),(139,2,24,41),(140,1,24,42),(141,4,24,43),(142,1,24,44),(143,1,24,45),(144,2,24,46),(145,2,25,51),(146,1,25,52),(147,1,25,53),(148,3,25,54),(149,1,25,55),(150,1,25,56),(151,2,26,61),(152,2,26,62),(153,3,26,63),(154,3,26,64),(155,1,26,65),(156,2,26,66),(157,1,27,71),(158,2,27,72),(159,1,27,73),(160,4,27,74),(161,2,27,75),(162,2,27,76),(163,3,28,81),(164,3,28,82),(165,1,28,83),(166,1,28,84),(167,1,28,85),(168,5,28,86),(169,2,29,91),(170,3,29,92),(171,1,29,93),(172,1,29,94),(173,1,29,95),(174,2,29,96),(175,2,30,101),(176,4,30,102),(177,2,30,103),(178,3,30,104),(179,3,30,105),(180,2,30,106),(181,1,31,11),(182,4,31,12),(183,1,31,13),(184,3,31,14),(185,2,31,15),(186,2,31,16),(187,1,32,21),(188,2,32,22),(189,5,32,23),(190,1,32,24),(191,2,32,25),(192,1,32,26),(193,1,33,31),(194,1,33,32),(195,3,33,33),(196,2,33,34),(197,2,33,35),(198,2,33,36),(199,3,34,41),(200,3,34,42),(201,2,34,43),(202,1,34,44),(203,2,34,45),(204,3,34,46),(205,1,35,51),(206,2,35,52),(207,3,35,53),(208,3,35,54),(209,1,35,55),(210,1,35,56),(211,2,36,61),(212,3,36,62),(213,1,36,63),(214,5,36,64),(215,2,36,65),(216,1,36,66),(217,1,37,71),(218,2,37,72),(219,3,37,73),(220,5,37,74),(221,5,37,75),(222,1,37,76),(223,4,38,81),(224,1,38,82),(225,3,38,83),(226,2,38,84),(227,4,38,85),(228,1,38,86),(229,1,39,91),(230,2,39,92),(231,1,39,93),(232,4,39,94),(233,2,39,95),(234,1,39,96),(235,2,40,101),(236,1,40,102),(237,1,40,103),(238,6,40,104),(239,3,40,105),(240,3,40,106),(241,2,41,11),(242,5,41,12),(243,2,41,13),(244,1,41,14),(245,1,41,15),(246,4,41,16),(247,4,42,21),(248,2,42,22),(249,2,42,23),(250,3,42,24),(251,3,42,25),(252,1,42,26),(253,2,43,11),(254,1,43,12),(255,1,43,13),(256,1,43,14),(257,2,43,15),(258,2,43,16),(259,2,44,21),(260,2,44,22),(261,2,44,23),(262,5,44,24),(263,2,44,25),(264,1,44,26),(265,1,45,11),(266,1,45,12),(267,1,45,13),(268,2,45,14),(269,3,45,15),(270,1,45,16),(271,1,46,21),(272,1,46,22),(273,2,46,23),(274,2,46,24),(275,3,46,25),(276,3,46,26),(277,1,47,11),(278,1,47,12),(279,1,47,13),(280,3,47,14),(281,2,47,15),(282,1,47,16),(283,3,48,21),(284,1,48,22),(285,2,48,23),(286,1,48,24),(287,1,48,25),(288,3,48,26),(289,4,49,11),(290,1,49,12),(291,3,49,13),(292,3,49,14),(293,2,49,15),(294,1,49,16),(295,1,50,21),(296,4,50,22),(297,2,50,23),(298,2,50,24),(299,1,50,25),(300,2,50,26),(301,1,51,11),(302,1,51,12),(303,3,51,13),(304,3,51,14),(305,2,51,15),(306,1,51,16),(307,1,52,21),(308,7,52,22),(309,1,52,23),(310,1,52,24),(311,2,52,25),(312,1,52,26),(313,3,53,11),(314,5,53,12),(315,2,53,13),(316,1,53,14),(317,1,53,15),(318,2,53,16),(319,2,54,21),(320,1,54,22),(321,3,54,23),(322,2,54,24),(323,1,54,25),(324,3,54,26),(325,3,55,11),(326,1,55,12),(327,2,55,13),(328,2,55,14),(329,1,55,15),(330,2,55,16),(331,3,56,21),(332,3,56,22),(333,3,56,23),(334,1,56,24),(335,4,56,25),(336,3,56,26),(337,1,57,11),(338,2,57,12),(339,2,57,13),(340,2,57,14),(341,2,57,15),(342,1,57,16),(343,1,58,21),(344,2,58,22),(345,1,58,23),(346,1,58,24),(347,1,58,25),(348,1,58,26),(349,1,59,11),(350,4,59,12),(351,1,59,13),(352,2,59,14),(353,1,59,15),(354,3,59,16),(355,2,60,21),(356,4,60,22),(357,2,60,23),(358,1,60,24),(359,2,60,25),(360,2,60,26),(361,1,61,11),(362,2,61,12),(363,5,61,13),(364,4,61,14),(365,1,61,15),(366,2,61,16),(367,2,62,21),(368,2,62,22),(369,3,62,23),(370,4,62,24),(371,2,62,25),(372,1,62,26),(373,1,63,11),(374,2,63,12),(375,1,63,13),(376,2,63,14),(377,2,63,15),(378,2,63,16),(379,5,64,21),(380,1,64,22),(381,1,64,23),(382,2,64,24),(383,1,64,25),(384,2,64,26),(385,1,65,11),(386,1,65,12),(387,1,65,13),(388,3,65,14),(389,2,65,15),(390,3,65,16),(391,2,66,21),(392,3,66,22),(393,2,66,23),(394,1,66,24),(395,3,66,25),(396,1,66,26),(397,1,67,31),(398,3,67,32),(399,2,67,33),(400,1,67,34),(401,5,67,35),(402,4,67,36),(403,2,68,41),(404,2,68,42),(405,2,68,43),(406,4,68,44),(407,2,68,45),(408,1,68,46),(409,1,69,51),(410,1,69,52),(411,2,69,53),(412,4,69,54),(413,4,69,55),(414,2,69,56),(415,1,70,61),(416,2,70,62),(417,2,70,63),(418,2,70,64),(419,1,70,65),(420,2,70,66),(421,5,71,11),(422,1,71,12),(423,3,71,13),(424,3,71,14),(425,2,71,15),(426,4,71,16),(427,2,72,21),(428,2,72,22),(429,3,72,23),(430,2,72,24),(431,1,72,25),(432,2,72,26),(433,1,73,31),(434,2,73,32),(435,2,73,33),(436,1,73,34),(437,1,73,35),(438,3,73,36),(439,2,74,41),(440,1,74,42),(441,2,74,43),(442,1,74,44),(443,2,74,45),(444,1,74,46),(445,1,75,51),(446,2,75,52),(447,3,75,53),(448,2,75,54),(449,3,75,55),(450,4,75,56),(451,2,76,61),(452,1,76,62),(453,1,76,63),(454,1,76,64),(455,1,76,65),(456,2,76,66),(457,2,77,11),(458,1,77,12),(459,5,77,13),(460,1,77,14),(461,7,77,15),(462,2,77,16),(463,4,78,21),(464,2,78,22),(465,3,78,23),(466,1,78,24),(467,1,78,25),(468,3,78,26),(469,3,79,31),(470,3,79,32),(471,2,79,33),(472,1,79,34),(473,3,79,35),(474,1,79,36),(475,1,80,41),(476,2,80,42),(477,1,80,43),(478,4,80,44),(479,5,80,45),(480,2,80,46),(481,1,81,51),(482,1,81,52),(483,3,81,53),(484,3,81,54),(485,1,81,55),(486,1,81,56),(487,1,82,61),(488,3,82,62),(489,5,82,63),(490,1,82,64),(491,1,82,65),(492,2,82,66),(493,2,83,11),(494,1,83,12),(495,1,83,13),(496,1,83,14),(497,3,83,15),(498,3,83,16),(499,2,84,21),(500,5,84,22),(501,1,84,23),(502,1,84,24),(503,2,84,25),(504,3,84,26),(505,1,85,31),(506,6,85,32),(507,3,85,33),(508,3,85,34),(509,1,85,35),(510,1,85,36),(511,1,86,41),(512,3,86,42),(513,1,86,43),(514,1,86,44),(515,1,86,45),(516,2,86,46),(517,1,87,51),(518,1,87,52),(519,1,87,53),(520,2,87,54),(521,1,87,55),(522,2,87,56),(523,3,88,61),(524,1,88,62),(525,2,88,63),(526,2,88,64),(527,3,88,65),(528,3,88,66),(529,2,89,11),(530,2,89,12),(531,7,89,13),(532,1,89,14),(533,1,89,15),(534,3,89,16),(535,1,90,21),(536,1,90,22),(537,4,90,23),(538,3,90,24),(539,3,90,25),(540,1,90,26),(541,2,91,11),(542,1,91,12),(543,1,91,13),(544,1,91,14),(545,3,91,15),(546,2,91,16),(547,3,92,21),(548,4,92,22),(549,2,92,23),(550,3,92,24),(551,5,92,25),(552,3,92,26),(553,2,93,11),(554,1,93,12),(555,1,93,13),(556,1,93,14),(557,4,93,15),(558,2,93,16),(559,4,94,21),(560,3,94,22),(561,2,94,23),(562,1,94,24),(563,6,94,25),(564,1,94,26),(565,5,95,11),(566,2,95,12),(567,1,95,13),(568,2,95,14),(569,3,95,15),(570,1,95,16),(571,1,96,21),(572,5,96,22),(573,1,96,23),(574,1,96,24),(575,1,96,25),(576,1,96,26),(577,3,97,11),(578,3,97,12),(579,2,97,13),(580,2,97,14),(581,2,97,15),(582,2,97,16),(583,2,98,21),(584,3,98,22),(585,2,98,23),(586,1,98,24),(587,2,98,25),(588,1,98,26),(589,2,99,11),(590,2,99,12),(591,3,99,13),(592,1,99,14),(593,2,99,15),(594,1,99,16),(595,1,100,21),(596,1,100,22),(597,2,100,23),(598,1,100,24),(599,1,100,25),(600,3,100,26),(601,1,101,11),(602,2,101,12),(603,1,101,13),(604,1,101,14),(605,2,101,15),(606,4,101,16),(607,1,102,21),(608,5,102,22),(609,1,102,23),(610,3,102,24),(611,5,102,25),(612,1,102,26),(613,2,103,11),(614,2,103,12),(615,3,103,13),(616,1,103,14),(617,1,103,15),(618,1,103,16),(619,2,104,21),(620,2,104,22),(621,3,104,23),(622,5,104,24),(623,3,104,25),(624,2,104,26),(625,2,105,11),(626,1,105,12),(627,2,105,13),(628,1,105,14),(629,1,105,15),(630,2,105,16),(631,1,106,21),(632,2,106,22),(633,5,106,23),(634,3,106,24),(635,1,106,25),(636,1,106,26),(637,2,107,31),(638,2,107,32),(639,3,107,33),(640,6,107,34),(641,2,107,35),(642,2,107,36),(643,3,108,41),(644,3,108,42),(645,2,108,43),(646,1,108,44),(647,2,108,45),(648,1,108,46),(649,1,109,51),(650,1,109,52),(651,1,109,53),(652,1,109,54),(653,1,109,55),(654,1,109,56),(655,1,110,11),(656,5,110,12),(657,3,110,13),(658,5,110,14),(659,3,110,15),(660,2,110,16),(661,2,111,21),(662,3,111,22),(663,3,111,23),(664,1,111,24),(665,2,111,25),(666,1,111,26),(667,5,112,31),(668,3,112,32),(669,1,112,33),(670,3,112,34),(671,7,112,35),(672,1,112,36),(673,3,113,41),(674,1,113,42),(675,3,113,43),(676,3,113,44),(677,1,113,45),(678,2,113,46),(679,1,114,51),(680,2,114,52),(681,3,114,53),(682,3,114,54),(683,3,114,55),(684,4,114,56),(685,2,115,11),(686,2,115,12),(687,1,115,13),(688,2,115,14),(689,1,115,15),(690,1,115,16),(691,3,116,21),(692,3,116,22),(693,1,116,23),(694,1,116,24),(695,1,116,25),(696,1,116,26),(697,1,117,31),(698,1,117,32),(699,1,117,33),(700,3,117,34),(701,3,117,35),(702,2,117,36),(703,1,118,41),(704,2,118,42),(705,1,118,43),(706,2,118,44),(707,2,118,45),(708,2,118,46),(709,1,119,51),(710,1,119,52),(711,3,119,53),(712,1,119,54),(713,1,119,55),(714,1,119,56),(715,2,120,11),(716,3,120,12),(717,2,120,13),(718,1,120,14),(719,4,120,15),(720,1,120,16),(721,3,121,21),(722,2,121,22),(723,3,121,23),(724,2,121,24),(725,1,121,25),(726,2,121,26),(727,1,122,31),(728,1,122,32),(729,1,122,33),(730,1,122,34),(731,3,122,35),(732,3,122,36),(733,1,123,41),(734,3,123,42),(735,1,123,43),(736,3,123,44),(737,3,123,45),(738,3,123,46),(739,2,124,51),(740,1,124,52),(741,3,124,53),(742,2,124,54),(743,1,124,55),(744,2,124,56),(745,2,125,11),(746,2,125,12),(747,2,125,13),(748,2,125,14),(749,1,125,15),(750,2,125,16),(751,3,126,21),(752,2,126,22),(753,1,126,23),(754,2,126,24),(755,1,126,25),(756,2,126,26),(757,1,127,31),(758,1,127,32),(759,2,127,33),(760,1,127,34),(761,3,127,35),(762,2,127,36),(763,2,128,11),(764,1,128,12),(765,4,128,13),(766,1,128,14),(767,1,128,15),(768,1,128,16),(769,4,129,21),(770,1,129,22),(771,1,129,23),(772,2,129,24),(773,2,129,25),(774,1,129,26),(775,3,130,31),(776,1,130,32),(777,3,130,33),(778,1,130,34),(779,2,130,35),(780,1,130,36),(781,3,131,11),(782,1,131,12),(783,1,131,13),(784,1,131,14),(785,2,131,15),(786,2,131,16),(787,1,132,21),(788,2,132,22),(789,2,132,23),(790,3,132,24),(791,3,132,25),(792,6,132,26),(793,2,133,31),(794,4,133,32),(795,2,133,33),(796,3,133,34),(797,2,133,35),(798,1,133,36),(799,1,134,11),(800,3,134,12),(801,7,134,13),(802,3,134,14),(803,4,134,15),(804,5,134,16),(805,1,135,21),(806,1,135,22),(807,3,135,23),(808,4,135,24),(809,2,135,25),(810,1,135,26),(811,3,136,31),(812,1,136,32),(813,1,136,33),(814,3,136,34),(815,1,136,35),(816,1,136,36),(817,1,137,11),(818,3,137,12),(819,3,137,13),(820,1,137,14),(821,2,137,15),(822,1,137,16),(823,2,138,21),(824,2,138,22),(825,1,138,23),(826,2,138,24),(827,3,138,25),(828,5,138,26),(829,1,139,11),(830,2,139,12),(831,2,139,13),(832,2,139,14),(833,1,139,15),(834,1,139,16),(835,4,140,21),(836,1,140,22),(837,2,140,23),(838,1,140,24),(839,3,140,25),(840,5,140,26),(841,1,141,11),(842,5,141,12),(843,1,141,13),(844,2,141,14),(845,1,141,15),(846,1,141,16),(847,1,142,21),(848,1,142,22),(849,4,142,23),(850,1,142,24),(851,3,142,25),(852,4,142,26),(853,2,143,11),(854,2,143,12),(855,2,143,13),(856,3,143,14),(857,1,143,15),(858,3,143,16),(859,5,144,21),(860,3,144,22),(861,1,144,23),(862,2,144,24),(863,1,144,25),(864,1,144,26),(865,1,145,11),(866,1,145,12),(867,1,145,13),(868,1,145,14),(869,1,145,15),(870,3,145,16),(871,1,146,21),(872,4,146,22),(873,1,146,23),(874,4,146,24),(875,2,146,25),(876,1,146,26),(877,1,147,31),(878,2,147,32),(879,1,147,33),(880,2,147,34),(881,2,147,35),(882,2,147,36),(883,5,148,41),(884,4,148,42),(885,1,148,43),(886,2,148,44),(887,1,148,45),(888,1,148,46),(889,1,149,51),(890,4,149,52),(891,5,149,53),(892,2,149,54),(893,1,149,55),(894,2,149,56),(895,1,150,61),(896,2,150,62),(897,2,150,63),(898,4,150,64),(899,3,150,65),(900,2,150,66),(901,2,151,71),(902,2,151,72),(903,2,151,73),(904,3,151,74),(905,5,151,75),(906,5,151,76),(907,2,152,11),(908,1,152,12),(909,1,152,13),(910,2,152,14),(911,1,152,15),(912,1,152,16),(913,2,153,21),(914,1,153,22),(915,3,153,23),(916,5,153,24),(917,2,153,25),(918,1,153,26),(919,3,154,31),(920,2,154,32),(921,2,154,33),(922,5,154,34),(923,2,154,35),(924,1,154,36),(925,1,155,41),(926,1,155,42),(927,1,155,43),(928,1,155,44),(929,2,155,45),(930,3,155,46),(931,1,156,51),(932,2,156,52),(933,3,156,53),(934,3,156,54),(935,2,156,55),(936,3,156,56),(937,3,157,61),(938,2,157,62),(939,1,157,63),(940,4,157,64),(941,3,157,65),(942,1,157,66),(943,2,158,71),(944,1,158,72),(945,3,158,73),(946,2,158,74),(947,3,158,75),(948,1,158,76),(949,1,159,11),(950,2,159,12),(951,5,159,13),(952,1,159,14),(953,1,159,15),(954,1,159,16),(955,1,160,21),(956,2,160,22),(957,5,160,23),(958,1,160,24),(959,3,160,25),(960,1,160,26),(961,2,161,31),(962,1,161,32),(963,1,161,33),(964,1,161,34),(965,1,161,35),(966,2,161,36),(967,2,162,41),(968,2,162,42),(969,2,162,43),(970,1,162,44),(971,1,162,45),(972,1,162,46),(973,3,163,51),(974,6,163,52),(975,1,163,53),(976,1,163,54),(977,2,163,55),(978,2,163,56),(979,1,164,61),(980,1,164,62),(981,2,164,63),(982,1,164,64),(983,1,164,65),(984,5,164,66),(985,2,165,71),(986,2,165,72),(987,1,165,73),(988,1,165,74),(989,3,165,75),(990,3,165,76),(991,1,166,11),(992,1,166,12),(993,2,166,13),(994,2,166,14),(995,2,166,15),(996,2,166,16),(997,1,167,21),(998,5,167,22),(999,1,167,23),(1000,7,167,24),(1001,1,167,25),(1002,4,167,26),(1003,3,168,31),(1004,3,168,32),(1005,2,168,33),(1006,4,168,34),(1007,1,168,35),(1008,4,168,36),(1009,3,169,41),(1010,1,169,42),(1011,1,169,43),(1012,1,169,44),(1013,2,169,45),(1014,2,169,46),(1015,1,170,51),(1016,2,170,52),(1017,4,170,53),(1018,3,170,54),(1019,3,170,55),(1020,2,170,56),(1021,3,171,61),(1022,2,171,62),(1023,3,171,63),(1024,1,171,64),(1025,1,171,65),(1026,3,171,66),(1027,2,172,71),(1028,2,172,72),(1029,5,172,73),(1030,2,172,74),(1031,1,172,75),(1032,1,172,76);
/*!40000 ALTER TABLE `room` ENABLE KEYS */;
UNLOCK TABLES;

--
-- Table structure for table `room_maintenance`
--

DROP TABLE IF EXISTS `room_maintenance`;
/*!40101 SET @saved_cs_client     = @@character_set_client */;
/*!50503 SET character_set_client = utf8mb4 */;
CREATE TABLE `room_maintenance` (
  `roomId` int NOT NULL,
  `maintenanceCode` int NOT NULL,
  `date` date NOT NULL,
  PRIMARY KEY (`roomId`,`maintenanceCode`,`date`),
  KEY `fk_room_maintenance_maintenance` (`maintenanceCode`),
  CONSTRAINT `fk_room_maintenance_maintenance` FOREIGN KEY (`maintenanceCode`) REFERENCES `maintenance` (`maintenanceCode`),
  CONSTRAINT `fk_room_maintenance_room` FOREIGN KEY (`roomId`) REFERENCES `room` (`roomId`)
) ENGINE=InnoDB DEFAULT CHARSET=utf8mb4 COLLATE=utf8mb4_0900_ai_ci;
/*!40101 SET character_set_client = @saved_cs_client */;

--
-- Dumping data for table `room_maintenance`
--

LOCK TABLES `room_maintenance` WRITE;
/*!40000 ALTER TABLE `room_maintenance` DISABLE KEYS */;
INSERT INTO `room_maintenance` VALUES (18,1,'2024-04-11'),(33,1,'2024-08-22'),(39,1,'2023-06-22'),(40,1,'2023-05-04'),(54,1,'2024-02-10'),(60,1,'2023-09-25'),(61,1,'2024-09-04'),(65,1,'2022-09-06'),(82,1,'2024-04-26'),(87,1,'2023-03-27'),(92,1,'2022-09-08'),(95,1,'2023-08-13'),(97,1,'2023-10-22'),(138,1,'2023-12-21'),(147,1,'2024-09-01'),(154,1,'2024-09-01'),(185,1,'2023-03-02'),(191,1,'2022-11-04'),(200,1,'2024-03-07'),(204,1,'2023-05-03'),(213,1,'2022-06-09'),(216,1,'2023-01-19'),(219,1,'2022-06-19'),(229,1,'2024-05-26'),(230,1,'2023-11-08'),(233,1,'2022-11-30'),(240,1,'2022-09-26'),(251,1,'2023-02-09'),(254,1,'2023-06-22'),(259,1,'2023-10-30'),(263,1,'2023-09-20'),(269,1,'2024-02-01'),(270,1,'2024-01-18'),(272,1,'2023-04-26'),(274,1,'2024-01-24'),(276,1,'2024-07-26'),(281,1,'2022-10-31'),(290,1,'2023-08-31'),(292,1,'2023-02-19'),(294,1,'2023-09-01'),(310,1,'2022-07-18'),(315,1,'2024-06-16'),(317,1,'2024-10-16'),(323,1,'2023-11-08'),(326,1,'2023-04-23'),(331,1,'2024-02-18'),(360,1,'2023-09-20'),(368,1,'2023-05-28'),(377,1,'2023-04-11'),(378,1,'2023-04-08'),(385,1,'2023-09-04'),(400,1,'2024-06-26'),(420,1,'2022-10-18'),(433,1,'2023-04-20'),(444,1,'2024-04-26'),(446,1,'2024-10-12'),(458,1,'2023-05-09'),(471,1,'2023-09-19'),(472,1,'2024-02-09'),(497,1,'2024-04-12'),(498,1,'2022-07-04'),(510,1,'2023-03-29'),(517,1,'2023-12-09'),(545,1,'2023-08-25'),(549,1,'2023-03-05'),(553,1,'2024-11-04'),(567,1,'2023-02-15'),(569,1,'2023-09-12'),(573,1,'2024-10-16'),(577,1,'2024-02-22'),(580,1,'2024-05-31'),(583,1,'2024-11-13'),(587,1,'2022-07-29'),(594,1,'2023-12-20'),(601,1,'2024-11-02'),(612,1,'2022-07-28'),(633,1,'2024-07-15'),(645,1,'2022-08-22'),(649,1,'2024-10-29'),(657,1,'2022-09-24'),(662,1,'2024-03-02'),(675,1,'2022-08-21'),(685,1,'2022-09-12'),(697,1,'2023-04-29'),(702,1,'2023-08-12'),(703,1,'2023-05-19'),(704,1,'2022-06-02'),(706,1,'2024-04-16'),(707,1,'2024-02-27'),(712,1,'2023-12-31'),(738,1,'2023-04-12'),(762,1,'2022-09-13'),(768,1,'2024-07-26'),(770,1,'2022-10-09'),(773,1,'2024-09-15'),(776,1,'2023-03-19'),(783,1,'2024-04-10'),(788,1,'2022-06-09'),(821,1,'2024-07-13'),(826,1,'2023-04-12'),(834,1,'2024-08-20'),(835,1,'2022-08-15'),(877,1,'2024-02-15'),(913,1,'2024-02-11'),(917,1,'2022-10-06'),(921,1,'2024-01-02'),(938,1,'2024-02-25'),(943,1,'2022-09-13'),(945,1,'2024-09-01'),(946,1,'2024-02-02'),(947,1,'2023-09-02'),(951,1,'2024-09-15'),(971,1,'2024-06-05'),(982,1,'2022-08-01'),(996,1,'2023-05-18'),(1002,1,'2023-10-09'),(1016,1,'2023-07-17'),(2,2,'2022-10-16'),(3,2,'2023-02-16'),(20,2,'2024-09-08'),(29,2,'2024-06-04'),(41,2,'2023-06-14'),(51,2,'2022-10-08'),(63,2,'2022-07-17'),(68,2,'2024-09-06'),(76,2,'2022-08-15'),(83,2,'2024-01-13'),(86,2,'2024-07-15'),(94,2,'2024-09-24'),(99,2,'2024-09-30'),(108,2,'2023-02-04'),(124,2,'2024-01-18'),(125,2,'2024-07-11'),(127,2,'2024-06-02'),(146,2,'2023-09-28'),(158,2,'2023-03-07'),(162,2,'2024-02-03'),(171,2,'2023-01-09'),(172,2,'2024-09-14'),(196,2,'2023-09-17'),(215,2,'2022-06-17'),(222,2,'2024-08-10'),(226,2,'2024-06-24'),(239,2,'2024-03-20'),(247,2,'2023-06-14'),(252,2,'2024-02-07'),(268,2,'2024-01-15'),(288,2,'2024-04-19'),(301,2,'2024-03-04'),(305,2,'2023-11-06'),(314,2,'2022-06-12'),(340,2,'2024-09-27'),(341,2,'2022-12-12'),(350,2,'2022-07-18'),(356,2,'2022-11-14'),(359,2,'2023-08-26'),(366,2,'2024-05-13'),(375,2,'2022-06-22'),(406,2,'2024-05-12'),(453,2,'2023-04-28'),(455,2,'2024-05-14'),(459,2,'2022-11-11'),(475,2,'2023-01-23'),(481,2,'2023-09-12'),(485,2,'2023-02-16'),(492,2,'2023-01-17'),(501,2,'2022-10-28'),(511,2,'2024-09-11'),(516,2,'2024-11-07'),(518,2,'2022-10-11'),(521,2,'2024-07-17'),(523,2,'2024-06-25'),(536,2,'2022-07-10'),(551,2,'2023-06-03'),(565,2,'2024-08-29'),(595,2,'2023-11-19'),(596,2,'2024-11-16'),(602,2,'2023-08-22'),(624,2,'2023-03-07'),(652,2,'2024-01-28'),(656,2,'2023-01-05'),(663,2,'2024-02-10'),(667,2,'2024-06-12'),(671,2,'2023-05-24'),(692,2,'2022-07-23'),(708,2,'2022-11-20'),(714,2,'2024-10-28'),(718,2,'2022-12-12'),(720,2,'2022-12-05'),(725,2,'2024-06-24'),(726,2,'2024-10-12'),(748,2,'2022-09-27'),(753,2,'2024-07-10'),(766,2,'2023-06-18'),(774,2,'2022-09-15'),(797,2,'2023-06-05'),(806,2,'2022-12-31'),(809,2,'2022-11-29'),(810,2,'2022-06-28'),(812,2,'2023-11-19'),(814,2,'2022-09-03'),(836,2,'2023-08-13'),(841,2,'2024-01-19'),(847,2,'2023-11-21'),(849,2,'2024-07-17'),(867,2,'2023-12-16'),(879,2,'2022-06-21'),(883,2,'2023-11-06'),(887,2,'2023-06-13'),(889,2,'2024-06-01'),(893,2,'2024-05-31'),(899,2,'2024-10-16'),(930,2,'2023-09-19'),(942,2,'2024-01-01'),(944,2,'2023-12-04'),(954,2,'2024-03-19'),(955,2,'2023-09-10'),(961,2,'2024-07-29'),(977,2,'2024-09-08'),(979,2,'2024-02-19'),(989,2,'2024-05-05'),(1009,2,'2024-05-16'),(1029,2,'2023-08-30'),(7,3,'2022-11-09'),(142,3,'2024-01-08'),(242,3,'2024-04-06'),(287,3,'2023-10-24'),(313,3,'2024-08-01'),(333,3,'2024-03-29'),(337,3,'2023-06-06'),(348,3,'2024-08-23'),(374,3,'2022-08-09'),(382,3,'2023-08-26'),(387,3,'2022-10-10'),(389,3,'2022-11-12'),(401,3,'2022-08-22'),(427,3,'2023-08-26'),(496,3,'2022-10-19'),(499,3,'2023-11-06'),(546,3,'2024-03-03'),(582,3,'2022-12-21'),(632,3,'2023-09-14'),(659,3,'2022-06-14'),(731,3,'2024-04-06'),(763,3,'2022-07-18'),(791,3,'2024-03-25'),(803,3,'2023-12-26'),(815,3,'2024-07-20'),(830,3,'2022-10-27'),(850,3,'2023-02-16'),(966,3,'2023-03-23'),(976,3,'2023-04-25'),(38,4,'2023-06-17'),(52,4,'2024-05-09'),(304,4,'2022-10-14'),(316,4,'2022-10-10'),(363,4,'2024-06-20'),(397,4,'2024-04-04'),(409,4,'2024-04-04'),(417,4,'2024-09-10'),(462,4,'2023-08-24'),(502,4,'2023-06-19'),(571,4,'2022-12-17'),(581,4,'2023-08-27'),(629,4,'2023-07-05'),(655,4,'2022-06-04'),(676,4,'2023-10-29'),(682,4,'2024-11-08'),(691,4,'2022-08-11'),(709,4,'2023-08-29'),(817,4,'2022-12-20'),(828,4,'2022-09-23'),(846,4,'2023-03-28'),(852,4,'2022-10-28'),(857,4,'2024-01-24'),(864,4,'2023-11-15'),(884,4,'2023-01-28'),(906,4,'2024-11-18'),(907,4,'2024-08-14'),(937,4,'2024-06-03'),(941,4,'2024-11-15'),(969,4,'2023-11-23'),(1010,4,'2024-10-09'),(1025,4,'2024-10-29');
/*!40000 ALTER TABLE `room_maintenance` ENABLE KEYS */;
UNLOCK TABLES;

--
-- Table structure for table `room_reservation_assignment`
--

DROP TABLE IF EXISTS `room_reservation_assignment`;
/*!40101 SET @saved_cs_client     = @@character_set_client */;
/*!50503 SET character_set_client = utf8mb4 */;
CREATE TABLE `room_reservation_assignment` (
  `reservationId` int NOT NULL,
  `roomId` int NOT NULL,
  PRIMARY KEY (`reservationId`,`roomId`),
  KEY `fk_room_reservation_assignment_room_idx` (`roomId`),
  CONSTRAINT `fk_room_reservation_assignment_reservation` FOREIGN KEY (`reservationId`) REFERENCES `reservation` (`reservationId`),
  CONSTRAINT `fk_room_reservation_assignment_room` FOREIGN KEY (`roomId`) REFERENCES `room` (`roomId`)
) ENGINE=InnoDB DEFAULT CHARSET=utf8mb4 COLLATE=utf8mb4_0900_ai_ci;
/*!40101 SET character_set_client = @saved_cs_client */;

--
-- Dumping data for table `room_reservation_assignment`
--

LOCK TABLES `room_reservation_assignment` WRITE;
/*!40000 ALTER TABLE `room_reservation_assignment` DISABLE KEYS */;
INSERT INTO `room_reservation_assignment` VALUES (28,4),(2,14),(16,38),(70,40),(15,58),(11,84),(98,113),(37,126),(14,133),(95,168),(46,246),(81,248),(56,259),(7,262),(99,285),(18,289),(64,289),(71,301),(38,314),(57,314),(93,340),(25,363),(80,363),(30,365),(74,396),(5,406),(43,421),(19,436),(13,459),(68,460),(8,465),(22,478),(54,478),(73,483),(83,489),(84,490),(85,534),(4,541),(66,548),(31,551),(63,556),(90,557),(12,561),(92,563),(75,565),(35,567),(65,584),(61,593),(62,621),(49,622),(51,623),(79,624),(87,627),(45,633),(69,633),(21,647),(82,656),(36,658),(39,665),(91,667),(100,667),(97,671),(55,675),(3,688),(50,695),(20,715),(86,729),(32,741),(58,744),(24,759),(40,763),(42,766),(1,769),(23,778),(76,815),(78,828),(53,831),(48,840),(89,852),(9,859),(26,859),(10,873),(47,875),(34,891),(44,904),(72,916),(77,928),(29,930),(88,957),(59,974),(96,994),(60,998),(33,1008),(6,1015),(52,1019),(67,1019),(27,1023),(41,1024),(94,1029),(17,1030);
/*!40000 ALTER TABLE `room_reservation_assignment` ENABLE KEYS */;
UNLOCK TABLES;

--
-- Table structure for table `room_type`
--

DROP TABLE IF EXISTS `room_type`;
/*!40101 SET @saved_cs_client     = @@character_set_client */;
/*!50503 SET character_set_client = utf8mb4 */;
CREATE TABLE `room_type` (
  `roomTypeCode` int NOT NULL,
  `rate` decimal(10,2) DEFAULT NULL,
  `roomConfiguration` varchar(45) DEFAULT NULL,
  `maxOccupancy` int DEFAULT NULL,
  PRIMARY KEY (`roomTypeCode`)
) ENGINE=InnoDB DEFAULT CHARSET=utf8mb4 COLLATE=utf8mb4_0900_ai_ci;
/*!40101 SET character_set_client = @saved_cs_client */;

--
-- Dumping data for table `room_type`
--

LOCK TABLES `room_type` WRITE;
/*!40000 ALTER TABLE `room_type` DISABLE KEYS */;
INSERT INTO `room_type` VALUES (1,400.00,'King',2),(2,350.00,'Queen',2),(3,350.00,'Double',4),(4,600.00,'Suite King',2),(5,500.00,'Suite Double',4),(6,3000.00,'Meeting Room',50),(7,20000.00,'Convention Center',5000);
/*!40000 ALTER TABLE `room_type` ENABLE KEYS */;
UNLOCK TABLES;

--
-- Table structure for table `service`
--

DROP TABLE IF EXISTS `service`;
/*!40101 SET @saved_cs_client     = @@character_set_client */;
/*!50503 SET character_set_client = utf8mb4 */;
CREATE TABLE `service` (
  `serviceCode` int NOT NULL,
  `serviceDescription` varchar(100) DEFAULT NULL,
  `amount` decimal(10,2) DEFAULT NULL,
  PRIMARY KEY (`serviceCode`)
) ENGINE=InnoDB DEFAULT CHARSET=utf8mb4 COLLATE=utf8mb4_0900_ai_ci;
/*!40101 SET character_set_client = @saved_cs_client */;

--
-- Dumping data for table `service`
--

LOCK TABLES `service` WRITE;
/*!40000 ALTER TABLE `service` DISABLE KEYS */;
INSERT INTO `service` VALUES (1,'massage',75.00),(2,'wash and fold (5 lbs)',20.00),(3,'dry cleaning (1 garment)',20.00),(4,'main dish',25.00),(5,'side dish',15.00),(6,'appetizer',10.00),(7,'alcoholic beverage',20.00),(8,'non-alocholic beverage ',5.00);
/*!40000 ALTER TABLE `service` ENABLE KEYS */;
UNLOCK TABLES;

--
-- Table structure for table `staff`
--

DROP TABLE IF EXISTS `staff`;
/*!40101 SET @saved_cs_client     = @@character_set_client */;
/*!50503 SET character_set_client = utf8mb4 */;
CREATE TABLE `staff` (
  `employeeId` int NOT NULL,
  `staffName` varchar(75) DEFAULT NULL,
  `hotelId` int DEFAULT NULL,
  PRIMARY KEY (`employeeId`)
) ENGINE=InnoDB DEFAULT CHARSET=utf8mb4 COLLATE=utf8mb4_0900_ai_ci;
/*!40101 SET character_set_client = @saved_cs_client */;

--
-- Dumping data for table `staff`
--

LOCK TABLES `staff` WRITE;
/*!40000 ALTER TABLE `staff` DISABLE KEYS */;
/*!40000 ALTER TABLE `staff` ENABLE KEYS */;
UNLOCK TABLES;

--
-- Table structure for table `wing`
--

DROP TABLE IF EXISTS `wing`;
/*!40101 SET @saved_cs_client     = @@character_set_client */;
/*!50503 SET character_set_client = utf8mb4 */;
CREATE TABLE `wing` (
  `wingId` int NOT NULL,
  `wingName` varchar(75) DEFAULT NULL,
  `buildingId` int DEFAULT NULL,
  PRIMARY KEY (`wingId`),
  KEY `fk_wing_building` (`buildingId`),
  CONSTRAINT `fk_wing_building` FOREIGN KEY (`buildingId`) REFERENCES `building` (`buildingId`)
) ENGINE=InnoDB DEFAULT CHARSET=utf8mb4 COLLATE=utf8mb4_0900_ai_ci;
/*!40101 SET character_set_client = @saved_cs_client */;

--
-- Dumping data for table `wing`
--

LOCK TABLES `wing` WRITE;
/*!40000 ALTER TABLE `wing` DISABLE KEYS */;
INSERT INTO `wing` VALUES (1,'North',1),(2,'South',1),(3,'Sunrise',1),(4,'Sunset',1),(5,'North',2),(6,'South',2),(7,'Sunrise',2),(8,'Sunset',2),(9,'North',3),(10,'South',3),(11,'Sunrise',3),(12,'Sunset',3),(13,'North',4),(14,'South',4),(15,'Sunrise',4),(16,'Sunset',4),(17,'North',5),(18,'South',5),(19,'Sunrise',5),(20,'Sunset',5),(21,'North',6),(22,'South',6),(23,'Sunrise',6),(24,'Sunset',6),(25,'North',7),(26,'South',7),(27,'Sunrise',7),(28,'Sunset',7),(29,'North',8),(30,'South',8),(31,'Sunrise',8),(32,'Sunset',8),(33,'North',9),(34,'South',9),(35,'Sunrise',9),(36,'Sunset',9),(37,'North',10),(38,'South',10),(39,'Sunrise',10),(40,'Sunset',10),(41,'North',11),(42,'South',11),(43,'Sunrise',11),(44,'Sunset',11);
/*!40000 ALTER TABLE `wing` ENABLE KEYS */;
UNLOCK TABLES;
/*!40103 SET TIME_ZONE=@OLD_TIME_ZONE */;

/*!40101 SET SQL_MODE=@OLD_SQL_MODE */;
/*!40014 SET FOREIGN_KEY_CHECKS=@OLD_FOREIGN_KEY_CHECKS */;
/*!40014 SET UNIQUE_CHECKS=@OLD_UNIQUE_CHECKS */;
/*!40101 SET CHARACTER_SET_CLIENT=@OLD_CHARACTER_SET_CLIENT */;
/*!40101 SET CHARACTER_SET_RESULTS=@OLD_CHARACTER_SET_RESULTS */;
/*!40101 SET COLLATION_CONNECTION=@OLD_COLLATION_CONNECTION */;
/*!40111 SET SQL_NOTES=@OLD_SQL_NOTES */;

-- Dump completed on 2024-12-08 19:18:41
